report_number,collision_date,collision_time,primary_road,secondary_road,collision_day_of_week,number_of_parties,primary_collision_factor,hit_and_run,collision_type,involved_with,pedestrian_action,reporting_district,police_beat,violation,timestamp,intersection,Latitude,Longitude,Accuracy Score,Accuracy Type,City,State,County,Zip
2023-0001282,2023-02-15,21:00:00,S 12TH ST,VIRGINIA AVE,Wednesday,,Unknown,Felony,Vehicle - Pedestrian,Pedestrian,Crossing In Crosswalk At Intersection,SOUTHERN,2,,2023-02-15 21:00:00,"S 12TH ST AND VIRGINIA AVE, RICHMOND, CA",37.927452,-122.358016,0.93,intersection,Richmond,CA,Contra Costa County,94804
2023-0001307,2023-02-16,16:30:00,23RD ST,RHEEM AVE,Thursday,,Other Than Driver,No,Other,Fixed Object,No Pedestrian Involved,CENTRAL,7,,2023-02-16 16:30:00,"23RD ST AND RHEEM AVE, RICHMOND, CA",37.949845,-122.347421,0.78,intersection,Richmond,CA,Contra Costa County,94804
2023-0001314,2023-02-16,20:47:00,EL PORTAL DR,VIA VERDI,Thursday,,Traffic Signals and Signs,Misdemeanor,Broadside,Other Motor Vehicle,No Pedestrian Involved,NORTHERN,9,22450(a),2023-02-16 20:47:00,"EL PORTAL DR AND VIA VERDI, RICHMOND, CA",37.966011,-122.320357,0.94,intersection,El Sobrante,CA,Contra Costa County,94803
2023-0001315,2023-02-16,21:43:00,MCBRYDE AVE,SAN PABLO AVE,Thursday,,Wrong Side of Road,Felony,Sideswipe,Other Motor Vehicle,No Pedestrian Involved,NORTHERN,7,21650,2023-02-16 21:43:00,"MCBRYDE AVE AND SAN PABLO AVE, RICHMOND, CA",37.947257,-122.330743,1.0,intersection,Richmond,CA,Contra Costa County,94805
2023-0001334,2023-02-17,15:48:00,BARRETT AVE,HAYES ST,Friday,,Traffic Signals and Signs,No,Head-On,Bicycle,No Pedestrian Involved,NORTHERN,7,22450(a),2023-02-17 15:48:00,"BARRETT AVE AND HAYES ST, RICHMOND, CA",37.938372,-122.346652,0.91,intersection,Richmond,CA,Contra Costa County,94804
2023-0001344,2023-02-18,06:30:00,CARLSON BLVD,CUTTING BLVD,Saturday,,Ped R/W Violation,Felony,Vehicle - Pedestrian,Pedestrian,Crossing In Crosswalk At Intersection,SOUTHERN,2,21950(a),2023-02-18 06:30:00,"CARLSON BLVD AND CUTTING BLVD, RICHMOND, CA",37.925173,-122.338017,1.0,intersection,Richmond,CA,Contra Costa County,94804
2023-0001359,2023-02-19,19:32:00,MACDONALD AVE,30TH ST,Sunday,,Improper Turning,No,Broadside,Other Motor Vehicle,No Pedestrian Involved,CENTRAL,7,22107,2023-02-19 19:32:00,"MACDONALD AVE AND 30TH ST, RICHMOND, CA",37.934708,-122.340374,1.0,intersection,Richmond,CA,Contra Costa County,94804
2023-0001370,2023-02-19,10:05:00,RICHMOND PKWY,W MACDONALD AVE,Sunday,,Driving Under Influence,No,Head-On,Other Motor Vehicle,No Pedestrian Involved,CENTRAL,6,23152(a),2023-02-19 10:05:00,"RICHMOND PKWY AND W MACDONALD AVE, RICHMOND, CA",37.935707,-122.372839,0.99,intersection,Richmond,CA,Contra Costa County,94801
2023-0001385,2023-02-19,17:19:00,CUTTING BLVD,S 25TH ST,Sunday,,Unsafe Speed,Misdemeanor,Broadside,Parked Motor Vehicle,No Pedestrian Involved,SOUTHERN,2,22350,2023-02-19 17:19:00,"CUTTING BLVD AND S 25TH ST, RICHMOND, CA",37.925191,-122.345674,1.0,intersection,Richmond,CA,Contra Costa County,94804
2023-0001387,2023-02-19,19:04:00,SAN PABLO AVE,ROOSEVELT AVE,Sunday,,Traffic Signals and Signs,No,Broadside,Other Motor Vehicle,No Pedestrian Involved,CENTRAL,7,21453(a),2023-02-19 19:04:00,"SAN PABLO AVE AND ROOSEVELT AVE, RICHMOND, CA",37.937078,-122.325723,0.99,intersection,Richmond,CA,Contra Costa County,94805
2023-0001412,2023-02-05,12:00:00,CENTRAL AVE,PIERCE ST,Sunday,,Wrong Side of Road,Misdemeanor,Sideswipe,Other Motor Vehicle,No Pedestrian Involved,SOUTHERN,3,21650,2023-02-05 12:00:00,"CENTRAL AVE AND PIERCE ST, RICHMOND, CA",37.901064,-122.309806,0.81,intersection,Richmond,CA,Contra Costa County,94804
2023-0001431,2023-02-21,02:59:00,44TH ST,BARRETT AVE,Tuesday,,Improper Turning,Misdemeanor,Broadside,Parked Motor Vehicle,No Pedestrian Involved,NORTHERN,7,22107,2023-02-21 02:59:00,"44TH ST AND BARRETT AVE, RICHMOND, CA",37.935845,-122.327519,0.99,intersection,Richmond,CA,Contra Costa County,94805
2023-0001457,2023-02-21,18:30:00,SAN PABLO AVE,MCBRYDE AVE,Tuesday,,Unsafe Starting or Backing,Misdemeanor,Rear-End,Parked Motor Vehicle,No Pedestrian Involved,NORTHERN,7,22106,2023-02-21 18:30:00,"SAN PABLO AVE AND MCBRYDE AVE, RICHMOND, CA",37.947257,-122.330743,0.8,intersection,Richmond,CA,Contra Costa County,94805
2023-0001470,2023-02-22,10:52:00,BLUME DR,KLOSE WAY,Wednesday,,Traffic Signals and Signs,No,Broadside,Other Motor Vehicle,No Pedestrian Involved,NORTHERN,8,22450(a),2023-02-22 10:52:00,"BLUME DR AND KLOSE WAY, RICHMOND, CA",37.98591,-122.317669,0.81,intersection,San Pablo,CA,Contra Costa County,94806
2023-0001472,2023-02-22,11:55:00,CARLSON BLVD,TEHAMA AVE,Wednesday,,Auto R/W Violation,No,Broadside,Other Motor Vehicle,No Pedestrian Involved,SOUTHERN,3,21801(a),2023-02-22 11:55:00,"CARLSON BLVD AND TEHAMA AVE, RICHMOND, CA",37.910226,-122.315935,0.94,intersection,Richmond,CA,Contra Costa County,94804
2023-0001480,2023-02-21,18:25:00,SAN PABLO AVE,GARVIN AVE,Tuesday,,Ped R/W Violation,Felony,Vehicle - Pedestrian,Pedestrian,Crossing Not In Crosswalk,NORTHERN,7,21950(a),2023-02-21 18:25:00,"SAN PABLO AVE AND GARVIN AVE, RICHMOND, CA",37.943795,-122.329086,1.0,intersection,Richmond,CA,Contra Costa County,94805
2023-0001491,2023-02-23,09:22:00,23RD ST,MACDONALD AVE,Thursday,,Traffic Signals and Signs,Misdemeanor,Broadside,Other Motor Vehicle,No Pedestrian Involved,CENTRAL,4,21453(a),2023-02-23 09:22:00,"23RD ST AND MACDONALD AVE, RICHMOND, CA",37.935718,-122.347547,0.88,intersection,Richmond,CA,Contra Costa County,94804
2023-0001493,2023-02-23,10:16:00,20TH ST,MACDONALD AVE,Thursday,,Improper Turning,Misdemeanor,Sideswipe,Parked Motor Vehicle,No Pedestrian Involved,CENTRAL,4,22107,2023-02-23 10:16:00,"20TH ST AND MACDONALD AVE, RICHMOND, CA",37.935721,-122.350552,1.0,intersection,Richmond,CA,Contra Costa County,94801
2023-0001502,2023-02-23,14:55:00,HILLTOP DR,I-80 W,Thursday,,Traffic Signals and Signs,Felony,Broadside,Other Motor Vehicle,No Pedestrian Involved,NORTHERN,9,21453(a),2023-02-23 14:55:00,"HILLTOP DR AND I-80 W, RICHMOND, CA",37.947523,-122.384032,0.5,place,Richmond,CA,Contra Costa County,94801
2023-0001513,2023-02-24,08:35:00,CARLSON BLVD,IMPERIAL AVE,Friday,,Auto R/W Violation,No,Broadside,Other Motor Vehicle,No Pedestrian Involved,SOUTHERN,3,21800(a),2023-02-24 08:35:00,"CARLSON BLVD AND IMPERIAL AVE, RICHMOND, CA",37.911636,-122.318647,0.94,intersection,Richmond,CA,Contra Costa County,94804
2023-0001520,2023-02-24,12:16:00,CUTTING BLVD,S 49TH ST,Friday,,Auto R/W Violation,No,Broadside,Other Motor Vehicle,No Pedestrian Involved,SOUTHERN,3,21800(a),2023-02-24 12:16:00,"CUTTING BLVD AND S 49TH ST, RICHMOND, CA",37.925491,-122.32358,1.0,intersection,Richmond,CA,Contra Costa County,94804
2023-0001525,2023-02-24,15:23:00,BISSELL AVE,15TH ST,Friday,,Wrong Side of Road,No,Broadside,Bicycle,No Pedestrian Involved,CENTRAL,6,21651(b),2023-02-24 15:23:00,"BISSELL AVE AND 15TH ST, RICHMOND, CA",37.934078,-122.355211,1.0,intersection,Richmond,CA,Contra Costa County,94801
2023-0001538,2023-02-24,21:28:00,S 38TH ST,CUTTING BLVD,Friday,,Wrong Side of Road,Misdemeanor,Hit Object,Other Object,No Pedestrian Involved,SOUTHERN,3,21651(b),2023-02-24 21:28:00,"S 38TH ST AND CUTTING BLVD, RICHMOND, CA",37.925364,-122.333375,1.0,intersection,Richmond,CA,Contra Costa County,94804
2023-0001560,2023-02-25,14:40:00,BARRETT AVE,22ND ST,Saturday,,Traffic Signals and Signs,No,Broadside,Other Motor Vehicle,No Pedestrian Involved,CENTRAL,4,21453(a),2023-02-25 14:40:00,"BARRETT AVE AND 22ND ST, RICHMOND, CA",37.938468,-122.348544,1.0,intersection,Richmond,CA,Contra Costa County,94801
2023-0001568,2023-02-26,00:04:00,MCBRYDE AVE,32ND ST,Sunday,,Improper Turning,No,Rear-End,Other Motor Vehicle,No Pedestrian Involved,,7,22108,2023-02-26 00:04:00,"MCBRYDE AVE AND 32ND ST, RICHMOND, CA",37.947052,-122.336744,1.0,intersection,Richmond,CA,Contra Costa County,94804
2023-0001585,2023-09-18,17:30:00,9TH ST,PENNSYLVANIA AVE,Monday,,Wrong Side of Road,No,Head-On,Parked Motor Vehicle,No Pedestrian Involved,CENTRAL,5,21650,2023-09-18 17:30:00,"9TH ST AND PENNSYLVANIA AVE, RICHMOND, CA",37.942597,-122.360874,1.0,intersection,Richmond,CA,Contra Costa County,94801
2023-0001597,2023-02-27,07:54:00,BARRETT AVE,MARINA WAY,Monday,,Auto R/W Violation,No,Broadside,Other Motor Vehicle,No Pedestrian Involved,CENTRAL,5,21801(a),2023-02-27 07:54:00,"BARRETT AVE AND MARINA WAY, RICHMOND, CA",37.938438,-122.357108,0.9,intersection,Richmond,CA,Contra Costa County,94801
2023-0001600,2023-02-27,09:45:00,MACDONALD AVE,MACDONALD AVE,Monday,,Unknown,No,Hit Object,Fixed Object,No Pedestrian Involved,CENTRAL,6,,2023-02-27 09:45:00,"MACDONALD AVE AND MACDONALD AVE, RICHMOND, CA",37.935718,-122.347547,1.0,intersection,Richmond,CA,Contra Costa County,94801
2023-0001625,2023-02-28,09:46:00,ROOSEVELT AVE,PORTOLA AVE,Tuesday,,Unknown,Misdemeanor,Sideswipe,Other Motor Vehicle,No Pedestrian Involved,CENTRAL,4,,2023-02-28 09:46:00,"ROOSEVELT AVE AND PORTOLA AVE, RICHMOND, CA",37.938679,-122.353854,0.92,intersection,Richmond,CA,Contra Costa County,94801
2023-0001643,2023-03-01,07:24:00,HILLTOP DR,SHANE DR,Wednesday,,,No,Hit Object,Fixed Object,No Pedestrian Involved,NORTHERN,8,21651(a),2023-03-01 07:24:00,"HILLTOP DR AND SHANE DR, RICHMOND, CA",37.977786,-122.333837,0.42,intersection,San Pablo,CA,Contra Costa County,94806
2023-0001646,2023-03-01,09:10:00,24TH ST,MACDONALD AVE,Wednesday,,Traffic Signals and Signs,Misdemeanor,Broadside,Other Motor Vehicle,No Pedestrian Involved,NORTHERN,7,22450(a),2023-03-01 09:10:00,"24TH ST AND MACDONALD AVE, RICHMOND, CA",37.935566,-122.346346,1.0,intersection,Richmond,CA,Contra Costa County,94804
2023-0001647,2023-03-01,09:45:00,22ND ST,BARRETT AVE,Wednesday,,Traffic Signals and Signs,No,Broadside,Other Motor Vehicle,No Pedestrian Involved,CENTRAL,4,21453(a),2023-03-01 09:45:00,"22ND ST AND BARRETT AVE, RICHMOND, CA",37.938468,-122.348544,1.0,intersection,Richmond,CA,Contra Costa County,94801
2023-0001659,2023-03-01,16:20:00,SAN PABLO AVE,MCBRYDE AVE,Wednesday,,Unsafe Speed,No,Rear-End,Other Motor Vehicle,Not In Road,NORTHERN,7,22350,2023-03-01 16:20:00,"SAN PABLO AVE AND MCBRYDE AVE, RICHMOND, CA",37.947257,-122.330743,0.8,intersection,Richmond,CA,Contra Costa County,94805
2023-0001685,2023-02-18,11:15:00,S 37TH ST,CENTER AVE,Saturday,,Unsafe Speed,Misdemeanor,Rear-End,Other Motor Vehicle,No Pedestrian Involved,SOUTHERN,3,22350,2023-02-18 11:15:00,"S 37TH ST AND CENTER AVE, RICHMOND, CA",37.930173,-122.334748,1.0,intersection,Richmond,CA,Contra Costa County,94804
2023-0001686,2023-03-02,14:41:00,RICHMOND PKWY,SIERRA RIDGE AVE,Thursday,,Improper Turning,No,Sideswipe,Other Motor Vehicle,No Pedestrian Involved,NORTHERN,8,22107,2023-03-02 14:41:00,"RICHMOND PKWY AND SIERRA RIDGE AVE, RICHMOND, CA",37.947523,-122.384032,0.5,place,Richmond,CA,Contra Costa County,94801
2023-0001690,2023-03-02,15:33:00,22ND ST,BISSELL AVE,Thursday,,Improper Turning,Felony,Sideswipe,Other Motor Vehicle,No Pedestrian Involved,CENTRAL,4,22107,2023-03-02 15:33:00,"22ND ST AND BISSELL AVE, RICHMOND, CA",37.934129,-122.348574,1.0,intersection,Richmond,CA,Contra Costa County,94801
2023-0001699,2023-03-02,21:17:00,BARRETT AVE,19TH ST,Thursday,,Auto R/W Violation,No,Broadside,Other Motor Vehicle,No Pedestrian Involved,CENTRAL,4,21801(a),2023-03-02 21:17:00,"BARRETT AVE AND 19TH ST, RICHMOND, CA",37.938463,-122.351497,1.0,intersection,Richmond,CA,Contra Costa County,94801
2023-0001703,2023-03-03,01:23:00,PENINSULA DR,WATERVIEW DR,Friday,,Unknown,No,Hit Object,Other Object,No Pedestrian Involved,SOUTHERN,1,,2023-03-03 01:23:00,"PENINSULA DR AND WATERVIEW DR, RICHMOND, CA",37.947523,-122.384032,0.5,place,Richmond,CA,Contra Costa County,94801
2023-0001724,2023-03-03,16:35:00,28TH ST,CLINTON AVE,Friday,,Unsafe Speed,Felony,Sideswipe,Parked Motor Vehicle,No Pedestrian Involved,CENTRAL,7,22350,2023-03-03 16:35:00,"28TH ST AND CLINTON AVE, RICHMOND, CA",37.94226,-122.340566,1.0,intersection,Richmond,CA,Contra Costa County,94804
2023-0001726,2023-03-03,18:50:00,HILLTOP DR,SHANE DR,Friday,,Traffic Signals and Signs,Misdemeanor,Broadside,Other Motor Vehicle,No Pedestrian Involved,NORTHERN,8,21453(a),2023-03-03 18:50:00,"HILLTOP DR AND SHANE DR, RICHMOND, CA",37.977786,-122.333837,0.42,intersection,San Pablo,CA,Contra Costa County,94806
2023-0001743,2023-03-04,13:41:00,23RD ST,LOWELL AVE,Saturday,,Unsafe Speed,No,Rear-End,Other Motor Vehicle,No Pedestrian Involved,CENTRAL,7,22350,2023-03-04 13:41:00,"23RD ST AND LOWELL AVE, RICHMOND, CA",37.94921,-122.347427,0.78,intersection,Richmond,CA,Contra Costa County,94804
2023-0001745,2023-03-04,16:00:00,29TH ST,LINCOLN AVE,Saturday,,Auto R/W Violation,No,Sideswipe,Other Motor Vehicle,No Pedestrian Involved,NORTHERN,7,21801(a),2023-03-04 16:00:00,"29TH ST AND LINCOLN AVE, RICHMOND, CA",37.946373,-122.338818,1.0,intersection,Richmond,CA,Contra Costa County,94804
2023-0001753,2023-03-05,01:01:00,SHANE DR,BIRMINGHAM DR,Sunday,,Driving Under Influence,No,Rear-End,Parked Motor Vehicle,No Pedestrian Involved,NORTHERN,8,23152(a),2023-03-05 01:01:00,"SHANE DR AND BIRMINGHAM DR, RICHMOND, CA",37.971212,-122.332762,1.0,intersection,San Pablo,CA,Contra Costa County,94806
2023-0001756,2023-03-05,08:15:00,BARRETT AVE,24TH ST,Sunday,,Traffic Signals and Signs,No,Broadside,Other Motor Vehicle,No Pedestrian Involved,NORTHERN,7,22450(a),2023-03-05 08:15:00,"BARRETT AVE AND 24TH ST, RICHMOND, CA",37.938234,-122.345748,1.0,intersection,Richmond,CA,Contra Costa County,94804
2023-0001762,2023-03-05,12:23:00,ERLA WAY,GILMA DR,Sunday,,Unsafe Speed,Misdemeanor,Rear-End,Parked Motor Vehicle,No Pedestrian Involved,,8,22350,2023-03-05 12:23:00,"ERLA WAY AND GILMA DR, RICHMOND, CA",34.498041,-120.494609,0.76,place,Jalama,CA,Santa Barbara County,93436
2023-0001763,2023-03-05,13:46:00,BERK AVE,BERK PL,Sunday,,Auto R/W Violation,No,Head-On,Other Motor Vehicle,No Pedestrian Involved,SOUTHERN,3,21800(a),2023-03-05 13:46:00,"BERK AVE AND BERK PL, RICHMOND, CA",37.945256,-122.18226,0.8,intersection,Martinez,CA,Contra Costa County,94553
2023-0001784,2023-03-06,16:05:00,HARBOUR WAY S,CUTTING BLVD,Monday,,Unsafe Speed,No,Rear-End,Other Motor Vehicle,No Pedestrian Involved,SOUTHERN,1,22350,2023-03-06 16:05:00,"HARBOUR WAY S AND CUTTING BLVD, RICHMOND, CA",37.925213,-122.360055,1.0,intersection,Richmond,CA,Contra Costa County,94804
2023-0001808,2023-02-23,23:00:00,21ST ST,BISSELL AVE,Thursday,,Unsafe Starting or Backing,Misdemeanor,Other,Other Motor Vehicle,No Pedestrian Involved,CENTRAL,4,22106,2023-02-23 23:00:00,"21ST ST AND BISSELL AVE, RICHMOND, CA",37.933365,-122.349265,0.92,intersection,Richmond,CA,Contra Costa County,94801
2023-0001826,2023-03-08,16:49:00,LINCOLN AVE,20TH ST,Wednesday,,Improper Turning,No,Broadside,Other Motor Vehicle,No Pedestrian Involved,CENTRAL,4,22100(b),2023-03-08 16:49:00,"LINCOLN AVE AND 20TH ST, RICHMOND, CA",37.945982,-122.35015,1.0,intersection,Richmond,CA,Contra Costa County,94801
2023-0001830,2023-03-08,21:25:00,CUTTING BLVD,S 22ND ST,Wednesday,,Following Too Closely,Misdemeanor,Rear-End,Other Motor Vehicle,No Pedestrian Involved,SOUTHERN,2,21703,2023-03-08 21:25:00,"CUTTING BLVD AND S 22ND ST, RICHMOND, CA",37.925193,-122.348569,1.0,intersection,Richmond,CA,Contra Costa County,94804
2023-0001841,2023-03-08,11:00:00,FRAN WAY,SUN CT,Wednesday,,Unsafe Speed,No,Rear-End,Other Motor Vehicle,No Pedestrian Involved,NORTHERN,9,22350,2023-03-08 11:00:00,"FRAN WAY AND SUN CT, RICHMOND, CA",37.974108,-122.297189,1.0,intersection,El Sobrante,CA,Contra Costa County,94803
2023-0001852,2023-03-09,13:35:00,BARRETT AVE,37TH ST,Thursday,,Following Too Closely,Misdemeanor,Rear-End,Other Motor Vehicle,No Pedestrian Involved,NORTHERN,7,21703,2023-03-09 13:35:00,"BARRETT AVE AND 37TH ST, RICHMOND, CA",37.936509,-122.333617,1.0,intersection,Richmond,CA,Contra Costa County,94805
2023-0001856,2023-03-09,17:52:00,CUTTING BLVD,S 23RD ST,Thursday,,Unsafe Speed,Felony,Broadside,Other Motor Vehicle,No Pedestrian Involved,SOUTHERN,2,22350,2023-03-09 17:52:00,"CUTTING BLVD AND S 23RD ST, RICHMOND, CA",37.925193,-122.347665,1.0,intersection,Richmond,CA,Contra Costa County,94804
2023-0001859,2023-03-09,19:50:00,22ND ST,BARRETT AVE,Thursday,,Unsafe Speed,No,Broadside,Other Motor Vehicle,No Pedestrian Involved,CENTRAL,4,22350,2023-03-09 19:50:00,"22ND ST AND BARRETT AVE, RICHMOND, CA",37.938468,-122.348544,1.0,intersection,Richmond,CA,Contra Costa County,94801
2023-0001880,2023-03-10,17:30:00,26TH ST,ROOSEVELT AVE,Friday,,Unsafe Starting or Backing,Misdemeanor,Rear-End,Other Motor Vehicle,No Pedestrian Involved,NORTHERN,7,22106,2023-03-10 17:30:00,"26TH ST AND ROOSEVELT AVE, RICHMOND, CA",37.939408,-122.342795,1.0,intersection,Richmond,CA,Contra Costa County,94804
2023-0001888,2023-03-11,02:51:00,23RD ST,BROOKS AVE,Saturday,,Unknown,Misdemeanor,Hit Object,Fixed Object,No Pedestrian Involved,CENTRAL,7,,2023-03-11 02:51:00,"23RD ST AND BROOKS AVE, RICHMOND, CA",37.940813,-122.347462,0.76,intersection,Richmond,CA,Contra Costa County,94804
2023-0001898,2023-03-11,12:34:00,OHIO AVE,S 27TH ST,Saturday,,Unsafe Speed,Misdemeanor,Sideswipe,Parked Motor Vehicle,No Pedestrian Involved,SOUTHERN,3,22350,2023-03-11 12:34:00,"OHIO AVE AND S 27TH ST, RICHMOND, CA",37.930897,-122.343628,0.96,intersection,Richmond,CA,Contra Costa County,94804
2023-0001906,2023-03-11,22:35:00,7TH ST,,Saturday,,Unsafe Lane Change,Misdemeanor,Rear-End,Parked Motor Vehicle,No Pedestrian Involved,,5,21658(a),2023-03-11 22:35:00,,0.0,0.0,0.0,,,,,
2023-0001933,2023-03-13,10:00:00,6TH ST,MACDONALD AVE,Monday,,Improper Turning,No,Sideswipe,Other Motor Vehicle,No Pedestrian Involved,CENTRAL,6,22100(a),2023-03-13 10:00:00,"6TH ST AND MACDONALD AVE, RICHMOND, CA",37.935694,-122.363745,1.0,intersection,Richmond,CA,Contra Costa County,94801
2023-0001937,2023-03-13,10:45:00,DUNN AVE,20TH ST,Monday,,Traffic Signals and Signs,No,Broadside,Other Motor Vehicle,No Pedestrian Involved,CENTRAL,4,22450(a),2023-03-13 10:45:00,"DUNN AVE AND 20TH ST, RICHMOND, CA",37.948836,-122.35014,1.0,intersection,Richmond,CA,Contra Costa County,94801
2023-0001971,2023-03-14,11:30:00,SAN PABLO AVE,MCBRYDE AVE,Tuesday,,Following Too Closely,No,Rear-End,Other Motor Vehicle,No Pedestrian Involved,NORTHERN,7,21703,2023-03-14 11:30:00,"SAN PABLO AVE AND MCBRYDE AVE, RICHMOND, CA",37.947257,-122.330743,0.8,intersection,Richmond,CA,Contra Costa County,94805
2023-0001976,2023-03-14,13:41:00,HILLTOP DR,SHANE DR,Tuesday,,Other Than Driver,No,Hit Object,Other Object,No Pedestrian Involved,NORTHERN,8,,2023-03-14 13:41:00,"HILLTOP DR AND SHANE DR, RICHMOND, CA",37.977786,-122.333837,0.42,intersection,San Pablo,CA,Contra Costa County,94806
2023-0001979,2023-03-14,15:22:00,CENTRAL AVE,I-80 E,Tuesday,,Driving Under Influence,No,Broadside,Other Motor Vehicle,No Pedestrian Involved,SOUTHERN,3,23152(b),2023-03-14 15:22:00,"CENTRAL AVE AND I-80 E, RICHMOND, CA",37.900894,-122.310896,0.78,intersection,Richmond,CA,Contra Costa County,94804
2023-0001997,2023-03-14,21:53:00,MORNINGSIDE DR,MEADOWBROOK DR,Tuesday,,Improper Turning,Misdemeanor,Sideswipe,Parked Motor Vehicle,No Pedestrian Involved,NORTHERN,9,22107,2023-03-14 21:53:00,"MORNINGSIDE DR AND MEADOWBROOK DR, RICHMOND, CA",37.947523,-122.384032,0.5,place,Richmond,CA,Contra Costa County,94801
2023-0002009,2023-03-15,12:40:00,GIANT HWY,RICHMOND PKWY,Wednesday,,Unknown,No,Not Stated,Not Stated,Not Stated,NORTHERN,8,,2023-03-15 12:40:00,"GIANT HWY AND RICHMOND PKWY, RICHMOND, CA",37.979935,-122.352789,0.74,intersection,San Pablo,CA,Contra Costa County,94806
2023-0002044,2023-03-16,18:45:00,MACDONALD AVE,22ND ST,Thursday,,Traffic Signals and Signs,No,Broadside,Other Motor Vehicle,No Pedestrian Involved,CENTRAL,4,21453(a),2023-03-16 18:45:00,"MACDONALD AVE AND 22ND ST, RICHMOND, CA",37.93572,-122.348568,1.0,intersection,Richmond,CA,Contra Costa County,94801
2023-0002044,2023-03-16,18:45:00,MACDONALD AVE,22ND ST,Thursday,,Traffic Signals and Signs,No,Broadside,Other Motor Vehicle,No Pedestrian Involved,CENTRAL,4,21453(a),2023-03-16 18:45:00,"MACDONALD AVE AND 22ND ST, RICHMOND, CA",37.93572,-122.348568,1.0,intersection,Richmond,CA,Contra Costa County,94801
2023-0002045,2023-03-16,18:03:00,PORTOLA AVE,15TH ST,Thursday,,,No,Broadside,Other Motor Vehicle,No Pedestrian Involved,CENTRAL,4,21651(a),2023-03-16 18:03:00,"PORTOLA AVE AND 15TH ST, RICHMOND, CA",37.9421,-122.355546,0.88,intersection,Richmond,CA,Contra Costa County,94801
2023-0002066,2023-03-18,00:08:00,OHIO AVE,S 39TH ST,Saturday,,Unsafe Speed,Misdemeanor,Sideswipe,Parked Motor Vehicle,No Pedestrian Involved,SOUTHERN,3,22350,2023-03-18 00:08:00,"OHIO AVE AND S 39TH ST, RICHMOND, CA",37.930889,-122.332837,0.96,intersection,Richmond,CA,Contra Costa County,94804
2023-0002067,2023-03-18,00:49:00,ROOSEVELT AVE,20TH ST,Saturday,,Driving Under Influence,No,Sideswipe,Parked Motor Vehicle,No Pedestrian Involved,,4,23152(a),2023-03-18 00:49:00,"ROOSEVELT AVE AND 20TH ST, RICHMOND, CA",37.939968,-122.350513,1.0,intersection,Richmond,CA,Contra Costa County,94801
2023-0002070,2023-03-18,06:30:00,CANAL BLVD,RICHMOND PKWY,Saturday,,Traffic Signals and Signs,No,Overturned,Other Motor Vehicle,No Pedestrian Involved,,1,21453(a),2023-03-18 06:30:00,"CANAL BLVD AND RICHMOND PKWY, RICHMOND, CA",37.930843,-122.377887,0.85,intersection,Richmond,CA,Contra Costa County,94801
2023-0002076,2023-03-18,11:47:00,FLORIDA AVE,S 45TH ST,Saturday,,Unsafe Speed,No,Sideswipe,Parked Motor Vehicle,No Pedestrian Involved,SOUTHERN,3,22350,2023-03-18 11:47:00,"FLORIDA AVE AND S 45TH ST, RICHMOND, CA",37.929538,-122.32725,1.0,intersection,Richmond,CA,Contra Costa County,94804
2023-0002077,2023-03-18,14:31:00,23RD ST,GAYNOR AVE,Saturday,,Unknown,Misdemeanor,Rear-End,Parked Motor Vehicle,No Pedestrian Involved,CENTRAL,7,,2023-03-18 14:31:00,"23RD ST AND GAYNOR AVE, RICHMOND, CA",37.944348,-122.347472,0.79,intersection,Richmond,CA,Contra Costa County,94804
2023-0002085,2023-03-18,20:40:00,HARBOUR WAY,ROOSEVELT AVE,Saturday,,Traffic Signals and Signs,Felony,Broadside,Other Motor Vehicle,No Pedestrian Involved,CENTRAL,5,21453(a),2023-03-18 20:40:00,"HARBOUR WAY AND ROOSEVELT AVE, RICHMOND, CA",37.939968,-122.359983,0.9,intersection,Richmond,CA,Contra Costa County,94801
2023-0002093,2023-03-19,04:50:00,RHEEM AVE,29TH ST,Sunday,,Improper Turning,Misdemeanor,Head-On,Parked Motor Vehicle,No Pedestrian Involved,NORTHERN,7,22107,2023-03-19 04:50:00,"RHEEM AVE AND 29TH ST, RICHMOND, CA",37.949861,-122.338819,1.0,intersection,Richmond,CA,Contra Costa County,94804
2023-0002094,2023-03-22,14:00:00,BROADWAY,BISSELL AVE,Wednesday,,Unsafe Speed,Misdemeanor,Hit Object,Fixed Object,No Pedestrian Involved,NORTHERN,7,22350,2023-03-22 14:00:00,"BROADWAY AND BISSELL AVE, RICHMOND, CA",37.933835,-122.344502,0.99,intersection,Richmond,CA,Contra Costa County,94804