report_number,collision_date,collision_time,primary_road,secondary_road,collision_day_of_week,number_of_parties,primary_collision_factor,hit_and_run,collision_type,involved_with,pedestrian_action,reporting_district,police_beat,violation,timestamp,intersection,Latitude,Longitude,Accuracy Score,Accuracy Type,City,State,County,Zip
2023-0003918,2023-05-16,22:22:00,BARRETT AVE,7TH ST,Tuesday,,Traffic Signals and Signs,Misdemeanor,Broadside,Other Motor Vehicle,No Pedestrian Involved,CENTRAL,5,21453(a),2023-05-16 22:22:00,"BARRETT AVE AND 7TH ST, RICHMOND, CA",37.938417,-122.363308,1.0,intersection,Richmond,CA,Contra Costa County,94801
2023-0003945,2023-05-17,15:34:00,23RD ST,COALINGA AVE,Wednesday,,Ped R/W Violation,Misdemeanor,Broadside,Other Motor Vehicle,No Pedestrian Involved,CENTRAL,4,21952,2023-05-17 15:34:00,"23RD ST AND COALINGA AVE, RICHMOND, CA",37.944844,-122.347321,1.0,street_center,Richmond,CA,Contra Costa County,94804
2023-0003955,2023-05-18,02:20:00,SAN PABLO AVE,STANTON AVE,Thursday,,Auto R/W Violation,No,Rear-End,Other Motor Vehicle,No Pedestrian Involved,NORTHERN,8,21802(a),2023-05-18 02:20:00,"SAN PABLO AVE AND STANTON AVE, RICHMOND, CA",37.98091,-122.33888,0.8,intersection,San Pablo,CA,Contra Costa County,94806
2023-0003966,2023-05-18,11:20:00,23RD ST,LINCOLN AVE,Thursday,,Unsafe Speed,No,Rear-End,Other Motor Vehicle,No Pedestrian Involved,CENTRAL,7,22350,2023-05-18 11:20:00,"23RD ST AND LINCOLN AVE, RICHMOND, CA",37.946382,-122.347455,0.78,intersection,Richmond,CA,Contra Costa County,94804
2023-0003975,2023-05-18,14:21:00,CARLSON BLVD,IMPERIAL AVE,Thursday,,Auto R/W Violation,No,Head-On,Other Motor Vehicle,No Pedestrian Involved,SOUTHERN,3,21801(a),2023-05-18 14:21:00,"CARLSON BLVD AND IMPERIAL AVE, RICHMOND, CA",37.911636,-122.318647,0.94,intersection,Richmond,CA,Contra Costa County,94804
2023-0003982,2023-05-18,18:00:00,45TH ST,MACDONALD AVE,Thursday,,Improper Turning,Misdemeanor,Hit Object,Fixed Object,No Pedestrian Involved,NORTHERN,7,22107,2023-05-18 18:00:00,"45TH ST AND MACDONALD AVE, RICHMOND, CA",37.932855,-122.327361,1.0,intersection,Richmond,CA,Contra Costa County,94805
2023-0003984,2023-05-18,18:32:00,MAINE AVE,S 26TH ST,Thursday,,Traffic Signals and Signs,Misdemeanor,Broadside,Other Motor Vehicle,No Pedestrian Involved,SOUTHERN,2,22450(a),2023-05-18 18:32:00,"MAINE AVE AND S 26TH ST, RICHMOND, CA",37.927987,-122.344686,0.92,intersection,Richmond,CA,Contra Costa County,94804
2023-0003986,2023-05-18,21:24:00,20TH ST,PENNSYLVANIA AVE,Thursday,,Improper Turning,Misdemeanor,Head-On,Parked Motor Vehicle,No Pedestrian Involved,CENTRAL,4,22107,2023-05-18 21:24:00,"20TH ST AND PENNSYLVANIA AVE, RICHMOND, CA",37.942098,-122.350156,1.0,intersection,Richmond,CA,Contra Costa County,94801
2023-0003990,2023-05-18,21:40:00,MARICOPA AVE,26TH ST,Thursday,,Improper Turning,Misdemeanor,Rear-End,Parked Motor Vehicle,No Pedestrian Involved,NORTHERN,7,22107,2023-05-18 21:40:00,"MARICOPA AVE AND 26TH ST, RICHMOND, CA",37.950592,-122.343144,1.0,intersection,Richmond,CA,Contra Costa County,94804
2023-0004015,2023-05-19,17:32:00,ESMOND AVE,18TH ST,Friday,,Traffic Signals and Signs,No,Broadside,Other Motor Vehicle,No Pedestrian Involved,CENTRAL,4,21453(a),2023-05-19 17:32:00,"ESMOND AVE AND 18TH ST, RICHMOND, CA",37.945265,-122.352083,1.0,intersection,Richmond,CA,Contra Costa County,94801
2023-0004025,2023-05-19,23:00:00,MARINA WAY S,MAINE AVE,Friday,,Improper Turning,Misdemeanor,Head-On,Other Motor Vehicle,No Pedestrian Involved,SOUTHERN,2,22107,2023-05-19 23:00:00,"MARINA WAY S AND MAINE AVE, RICHMOND, CA",37.927996,-122.355874,1.0,intersection,Richmond,CA,Contra Costa County,94804
2023-0004030,2023-05-20,08:50:00,DOWNER AVE,26TH ST,Saturday,,Unsafe Lane Change,Misdemeanor,Sideswipe,Parked Motor Vehicle,No Pedestrian Involved,NORTHERN,7,21658(a),2023-05-20 08:50:00,"DOWNER AVE AND 26TH ST, RICHMOND, CA",37.94298,-122.343179,1.0,intersection,Richmond,CA,Contra Costa County,94804
2023-0004044,2023-05-20,16:00:00,13TH ST,RHEEM AVE,Saturday,,Auto R/W Violation,No,Broadside,Bicycle,No Pedestrian Involved,CENTRAL,4,21801(a),2023-05-20 16:00:00,"13TH ST AND RHEEM AVE, RICHMOND, CA",37.949587,-122.357174,0.83,intersection,Richmond,CA,Contra Costa County,94801
2023-0004049,2023-05-19,14:30:00,ROOSEVELT AVE,GRANT AVE,Friday,,Auto R/W Violation,Misdemeanor,Sideswipe,Other Motor Vehicle,No Pedestrian Involved,,7,21804(a),2023-05-19 14:30:00,"ROOSEVELT AVE AND GRANT AVE, RICHMOND, CA",37.941411,-122.349507,0.92,intersection,Richmond,CA,Contra Costa County,94801
2023-0004050,2022-05-20,21:45:00,ELGIN AVE,TURPIN CT,Friday,,Unsafe Speed,Misdemeanor,Sideswipe,Motor Vehicle on Other Roadway,No Pedestrian Involved,CENTRAL,5,22350,2022-05-20 21:45:00,"ELGIN AVE AND TURPIN CT, RICHMOND, CA",37.941876,-122.365203,0.96,intersection,Richmond,CA,Contra Costa County,94801
2023-0004055,2023-05-20,23:48:00,GIANT HWY,RICHMOND PKWY,Saturday,,Unsafe Speed,No,Sideswipe,Motor Vehicle on Other Roadway,No Pedestrian Involved,NORTHERN,8,22350,2023-05-20 23:48:00,"GIANT HWY AND RICHMOND PKWY, RICHMOND, CA",37.979935,-122.352789,0.74,intersection,San Pablo,CA,Contra Costa County,94806
2023-0004057,2023-05-21,02:25:00,YUBA ST,ESMOND AVE,Sunday,,Driving Under Influence,Misdemeanor,Rear-End,Parked Motor Vehicle,No Pedestrian Involved,NORTHERN,7,23152(a),2023-05-21 02:25:00,"YUBA ST AND ESMOND AVE, RICHMOND, CA",37.947608,-122.322908,1.0,intersection,Richmond,CA,Contra Costa County,94805
2023-0004104,2023-05-22,18:42:00,BISSELL AVE,16TH ST,Monday,,Driving Under Influence,Misdemeanor,Rear-End,Other Motor Vehicle,No Pedestrian Involved,CENTRAL,6,23152(a),2023-05-22 18:42:00,"BISSELL AVE AND 16TH ST, RICHMOND, CA",37.934078,-122.354263,1.0,intersection,Richmond,CA,Contra Costa County,94801
2023-0004112,2023-05-23,08:33:00,OHIO AVE,S 41ST ST,Tuesday,,Unsafe Speed,Misdemeanor,Rear-End,Parked Motor Vehicle,No Pedestrian Involved,,3,22350,2023-05-23 08:33:00,"OHIO AVE AND S 41ST ST, RICHMOND, CA",37.930894,-122.330894,0.96,intersection,Richmond,CA,Contra Costa County,94804
2023-0004131,2023-05-23,08:00:00,RHEEM AVE,23RD ST,Tuesday,,Following Too Closely,Misdemeanor,Rear-End,Other Motor Vehicle,No Pedestrian Involved,CENTRAL,4,21703,2023-05-23 08:00:00,"RHEEM AVE AND 23RD ST, RICHMOND, CA",37.949845,-122.347421,0.78,intersection,Richmond,CA,Contra Costa County,94804
2023-0004171,2023-05-24,19:00:00,NEVIN AVE,37TH ST,Wednesday,,Auto R/W Violation,No,Sideswipe,Other Motor Vehicle,No Pedestrian Involved,NORTHERN,7,21802(a),2023-05-24 19:00:00,"NEVIN AVE AND 37TH ST, RICHMOND, CA",37.934967,-122.33397,1.0,intersection,Richmond,CA,Contra Costa County,94805
2023-0004204,2023-05-25,21:57:00,BARRETT AVE,MARINA WAY,Thursday,,Unsafe Speed,Felony,Broadside,Other Motor Vehicle,No Pedestrian Involved,CENTRAL,5,22350,2023-05-25 21:57:00,"BARRETT AVE AND MARINA WAY, RICHMOND, CA",37.938438,-122.357108,0.9,intersection,Richmond,CA,Contra Costa County,94801
2023-0004208,2023-05-26,05:55:00,OHIO AVE,S 19TH ST,Friday,,Unknown,No,Not Stated,Not Stated,Not Stated,SOUTHERN,2,,2023-05-26 05:55:00,"OHIO AVE AND S 19TH ST, RICHMOND, CA",37.930754,-122.351284,0.93,intersection,Richmond,CA,Contra Costa County,94804
2023-0004214,2023-05-26,09:08:00,BAYVIEW AVE,S 55TH ST,Friday,,Improper Turning,No,Broadside,Other Motor Vehicle,No Pedestrian Involved,,3,22107,2023-05-26 09:08:00,"BAYVIEW AVE AND S 55TH ST, RICHMOND, CA",37.915635,-122.317038,0.92,intersection,Richmond,CA,Contra Costa County,94804
2023-0004215,2023-05-26,11:00:00,ATLAS RD,RICHMOND PKWY,Friday,,Unsafe Speed,No,Rear-End,Other Motor Vehicle,No Pedestrian Involved,NORTHERN,8,22350,2023-05-26 11:00:00,"ATLAS RD AND RICHMOND PKWY, RICHMOND, CA",37.992886,-122.33739,0.86,intersection,San Pablo,CA,Contra Costa County,94806
2023-0004239,2023-05-27,13:45:00,S 55TH ST,I-80 W,Saturday,,Unsafe Speed,Felony,Rear-End,Other Motor Vehicle,No Pedestrian Involved,SOUTHERN,3,22350,2023-05-27 13:45:00,"S 55TH ST AND I-80 W, RICHMOND, CA",37.920891,-122.318369,0.77,intersection,El Cerrito,CA,Contra Costa County,94530
2023-0004246,2023-05-27,15:40:00,ESMOND AVE,28TH ST,Saturday,,Unsafe Starting or Backing,Misdemeanor,Broadside,Parked Motor Vehicle,No Pedestrian Involved,NORTHERN,7,22106,2023-05-27 15:40:00,"ESMOND AVE AND 28TH ST, RICHMOND, CA",37.945157,-122.340944,1.0,intersection,Richmond,CA,Contra Costa County,94804
2023-0004252,2023-05-27,22:00:00,CUTTING BLVD,S 16TH ST,Saturday,,Auto R/W Violation,Misdemeanor,Head-On,Other Motor Vehicle,No Pedestrian Involved,SOUTHERN,2,21801(a),2023-05-27 22:00:00,"CUTTING BLVD AND S 16TH ST, RICHMOND, CA",37.925205,-122.35399,1.0,intersection,Richmond,CA,Contra Costa County,94804
2023-0004253,2023-05-27,23:35:00,CUTTING BLVD,S 35TH ST,Saturday,,Auto R/W Violation,Misdemeanor,Broadside,Other Motor Vehicle,No Pedestrian Involved,SOUTHERN,3,21802(a),2023-05-27 23:35:00,"CUTTING BLVD AND S 35TH ST, RICHMOND, CA",37.925269,-122.336087,1.0,intersection,Richmond,CA,Contra Costa County,94804
2023-0004255,2023-05-28,00:57:00,EL PORTAL DR,BARRANCA ST,Sunday,,Unknown,No,Not Stated,Not Stated,Not Stated,NORTHERN,9,,2023-05-28 00:57:00,"EL PORTAL DR AND BARRANCA ST, RICHMOND, CA",37.965637,-122.320374,0.94,intersection,El Sobrante,CA,Contra Costa County,94803
2023-0004266,2023-05-28,15:21:00,BARRETT AVE,40TH ST,Sunday,,Unsafe Speed,No,Rear-End,Other Motor Vehicle,No Pedestrian Involved,NORTHERN,7,22350,2023-05-28 15:21:00,"BARRETT AVE AND 40TH ST, RICHMOND, CA",37.936135,-122.331008,1.0,intersection,Richmond,CA,Contra Costa County,94805
2023-0004273,2023-05-28,18:12:00,YORK ST,SANFORD AVE,Sunday,,Auto R/W Violation,Felony,Broadside,Parked Motor Vehicle,No Pedestrian Involved,CENTRAL,5,21800(a),2023-05-28 18:12:00,"YORK ST AND SANFORD AVE, RICHMOND, CA",37.951959,-122.368857,1.0,intersection,Richmond,CA,Contra Costa County,94801
2023-0004278,2023-05-28,19:30:00,RICHMOND PKWY,LAKESIDE DR,Sunday,,Unsafe Speed,Misdemeanor,Rear-End,Other Motor Vehicle,No Pedestrian Involved,NORTHERN,8,22350,2023-05-28 19:30:00,"RICHMOND PKWY AND LAKESIDE DR, RICHMOND, CA",37.989972,-122.328664,0.8,intersection,San Pablo,CA,Contra Costa County,94806
2023-0004309,2023-05-29,18:30:00,BIRMINGHAM DR,ROBERT MILLER DR,Monday,,Unsafe Speed,No,Rear-End,Other Motor Vehicle,No Pedestrian Involved,NORTHERN,8,22350,2023-05-29 18:30:00,"BIRMINGHAM DR AND ROBERT MILLER DR, RICHMOND, CA",37.947523,-122.384032,0.5,place,Richmond,CA,Contra Costa County,94801
2023-0004312,2023-05-29,19:45:00,CUTTING BLVD,S 23RD ST,Monday,,Traffic Signals and Signs,No,Broadside,Other Motor Vehicle,No Pedestrian Involved,SOUTHERN,2,21453(a),2023-05-29 19:45:00,"CUTTING BLVD AND S 23RD ST, RICHMOND, CA",37.925193,-122.347665,1.0,intersection,Richmond,CA,Contra Costa County,94804
2023-0004335,2023-05-30,22:00:00,SAN PABLO AVE,ROOSEVELT AVE,Tuesday,,Traffic Signals and Signs,No,Head-On,Other Motor Vehicle,No Pedestrian Involved,NORTHERN,7,21453(a),2023-05-30 22:00:00,"SAN PABLO AVE AND ROOSEVELT AVE, RICHMOND, CA",37.937078,-122.325723,0.99,intersection,Richmond,CA,Contra Costa County,94805
2023-0004351,2023-05-31,08:57:00,18TH ST,ESMOND AVE,Wednesday,,Traffic Signals and Signs,No,Broadside,Other Motor Vehicle,No Pedestrian Involved,CENTRAL,4,22450(a),2023-05-31 08:57:00,"18TH ST AND ESMOND AVE, RICHMOND, CA",37.945265,-122.352083,1.0,intersection,Richmond,CA,Contra Costa County,94801
2023-0004360,2023-05-28,01:00:00,CARLSON BLVD,S 55TH ST,Sunday,,Unknown,Misdemeanor,Other,Parked Motor Vehicle,No Pedestrian Involved,SOUTHERN,3,,2023-05-28 01:00:00,"CARLSON BLVD AND S 55TH ST, RICHMOND, CA",37.911636,-122.318647,0.93,intersection,Richmond,CA,Contra Costa County,94804
2023-0004372,2023-05-31,20:00:00,28TH ST,WENDELL AVE,Wednesday,,Improper Turning,No,Sideswipe,Parked Motor Vehicle,No Pedestrian Involved,NORTHERN,7,22107,2023-05-31 20:00:00,"28TH ST AND WENDELL AVE, RICHMOND, CA",37.945611,-122.340945,1.0,intersection,Richmond,CA,Contra Costa County,94804
2023-0004384,2023-06-01,03:49:00,GIANT RD,ATLAS RD,Thursday,,Unknown,No,Sideswipe,Parked Motor Vehicle,No Pedestrian Involved,NORTHERN,OOJ,,2023-06-01 03:49:00,"GIANT RD AND ATLAS RD, RICHMOND, CA",37.947523,-122.384032,0.5,place,Richmond,CA,Contra Costa County,94801
2023-0004413,2023-06-01,22:14:00,HILLTOP DR,ROBERT MILLER DR,Thursday,,Following Too Closely,Misdemeanor,Rear-End,Other Motor Vehicle,No Pedestrian Involved,NORTHERN,8,21703,2023-06-01 22:14:00,"HILLTOP DR AND ROBERT MILLER DR, RICHMOND, CA",37.977786,-122.333837,0.71,intersection,San Pablo,CA,Contra Costa County,94806
2023-0004417,2023-06-01,22:45:00,22ND ST,CARLSON BLVD,Thursday,,Ped R/W Violation,Felony,Vehicle - Pedestrian,Pedestrian,Crossing In Crosswalk At Intersection,CENTRAL,4,21950(a),2023-06-01 22:45:00,"22ND ST AND CARLSON BLVD, RICHMOND, CA",37.931404,-122.346583,0.56,intersection,Richmond,CA,Contra Costa County,94804
2023-0004421,2023-06-02,10:55:00,23RD ST,GARVIN AVE,Friday,,Unsafe Speed,Misdemeanor,Rear-End,Other Motor Vehicle,No Pedestrian Involved,CENTRAL,7,22350,2023-06-02 10:55:00,"23RD ST AND GARVIN AVE, RICHMOND, CA",37.943629,-122.347471,0.79,intersection,Richmond,CA,Contra Costa County,94804
2023-0004422,2023-06-02,10:49:00,2ND ST,RIPLEY AVE,Friday,,Unsafe Starting or Backing,Misdemeanor,Other,Parked Motor Vehicle,No Pedestrian Involved,CENTRAL,5,22106,2023-06-02 10:49:00,"2ND ST AND RIPLEY AVE, RICHMOND, CA",37.940351,-122.367536,1.0,intersection,Richmond,CA,Contra Costa County,94801
2023-0004429,2023-06-02,16:02:00,BARRETT AVE,8TH ST,Friday,,Other Hazardous Movement,No,Rear-End,Other Motor Vehicle,No Pedestrian Involved,CENTRAL,6,22109,2023-06-02 16:02:00,"BARRETT AVE AND 8TH ST, RICHMOND, CA",37.938414,-122.361834,1.0,intersection,Richmond,CA,Contra Costa County,94801
2023-0004434,2023-06-02,21:30:00,SAN PABLO AVE,MCBRYDE AVE,Friday,,Unknown,Misdemeanor,Not Stated,Not Stated,Not Stated,NORTHERN,7,,2023-06-02 21:30:00,"SAN PABLO AVE AND MCBRYDE AVE, RICHMOND, CA",37.947257,-122.330743,0.8,intersection,Richmond,CA,Contra Costa County,94805
2023-0004435,2023-06-02,21:58:00,CUTTING BLVD,S 37TH ST,Friday,,Traffic Signals and Signs,No,Broadside,Other Motor Vehicle,No Pedestrian Involved,SOUTHERN,3,21453(a),2023-06-02 21:58:00,"CUTTING BLVD AND S 37TH ST, RICHMOND, CA",37.925336,-122.334291,1.0,intersection,Richmond,CA,Contra Costa County,94804
2023-0004452,2023-06-03,20:32:00,BRICKYARD COVE RD,DORNAN DR,Saturday,,Other Hazardous Movement,No,Broadside,Bicycle,In Road,SOUTHERN,1,21202(a),2023-06-03 20:32:00,"BRICKYARD COVE RD AND DORNAN DR, RICHMOND, CA",37.910729,-122.383822,0.65,intersection,Richmond,CA,Contra Costa County,94801
2023-0004462,2023-06-04,09:44:00,RICHMOND PKWY,LAKESIDE DR,Sunday,,Unsafe Speed,No,Rear-End,Other Motor Vehicle,No Pedestrian Involved,NORTHERN,8,22350,2023-06-04 09:44:00,"RICHMOND PKWY AND LAKESIDE DR, RICHMOND, CA",37.989972,-122.328664,0.8,intersection,San Pablo,CA,Contra Costa County,94806
2023-0004465,2023-06-04,11:27:00,CHERRY ST,GERTRUDE AVE,Sunday,,Driving Under Influence,No,Rear-End,Parked Motor Vehicle,No Pedestrian Involved,,5,23152(a),2023-06-04 11:27:00,"CHERRY ST AND GERTRUDE AVE, RICHMOND, CA",37.954058,-122.362378,0.81,intersection,Richmond,CA,Contra Costa County,94801
2023-0004468,2023-06-04,13:51:00,MACDONALD AVE,23RD ST,Sunday,,Traffic Signals and Signs,Felony,Sideswipe,Other Motor Vehicle,No Pedestrian Involved,CENTRAL,4,21457(a),2023-06-04 13:51:00,"MACDONALD AVE AND 23RD ST, RICHMOND, CA",37.935718,-122.347547,0.88,intersection,Richmond,CA,Contra Costa County,94804
2023-0004469,2023-06-04,14:21:00,MACDONALD AVE,44TH ST,Sunday,,Unsafe Speed,Misdemeanor,Rear-End,Other Motor Vehicle,No Pedestrian Involved,NORTHERN,7,22350,2023-06-04 14:21:00,"MACDONALD AVE AND 44TH ST, RICHMOND, CA",37.932957,-122.328198,1.0,intersection,Richmond,CA,Contra Costa County,94805
2023-0004480,2023-06-04,23:47:00,22ND ST,MACDONALD AVE,Sunday,,Unsafe Lane Change,Misdemeanor,Sideswipe,Parked Motor Vehicle,No Pedestrian Involved,CENTRAL,4,21658(a),2023-06-04 23:47:00,"22ND ST AND MACDONALD AVE, RICHMOND, CA",37.93572,-122.348568,1.0,intersection,Richmond,CA,Contra Costa County,94801
2023-0004519,2023-06-06,05:30:00,BARRETT AVE,31ST ST,Tuesday,,Traffic Signals and Signs,Misdemeanor,Broadside,Other Motor Vehicle,No Pedestrian Involved,NORTHERN,7,22450(a),2023-06-06 05:30:00,"BARRETT AVE AND 31ST ST, RICHMOND, CA",37.937257,-122.338916,1.0,intersection,Richmond,CA,Contra Costa County,94804
2023-0004526,2023-06-06,08:46:00,MAINE AVE,S 9TH ST,Tuesday,,Auto R/W Violation,No,Sideswipe,Other Motor Vehicle,No Pedestrian Involved,SOUTHERN,1,21803(a),2023-06-06 08:46:00,"MAINE AVE AND S 9TH ST, RICHMOND, CA",37.928027,-122.361025,1.0,intersection,Richmond,CA,Contra Costa County,94804
2023-0004543,2023-06-06,13:48:00,CUTTING BLVD,S 18TH ST,Tuesday,,Auto R/W Violation,No,Broadside,Other Motor Vehicle,No Pedestrian Involved,CENTRAL,2,21803(a),2023-06-06 13:48:00,"CUTTING BLVD AND S 18TH ST, RICHMOND, CA",37.925198,-122.352143,1.0,intersection,Richmond,CA,Contra Costa County,94804
2023-0004552,2023-06-06,18:52:00,SAN PABLO AVE,BARRETT AVE,Tuesday,,Unsafe Speed,Felony,Head-On,Other Motor Vehicle,No Pedestrian Involved,NORTHERN,7,22350,2023-06-06 18:52:00,"SAN PABLO AVE AND BARRETT AVE, RICHMOND, CA",37.935302,-122.325046,1.0,intersection,Richmond,CA,Contra Costa County,94805
2023-0004553,2023-06-06,16:53:00,RICHMOND PKWY,SAN PABLO AVE,Tuesday,,Improper Passing,Misdemeanor,Sideswipe,Other Motor Vehicle,No Pedestrian Involved,NORTHERN,8,21750,2023-06-06 16:53:00,"RICHMOND PKWY AND SAN PABLO AVE, RICHMOND, CA",37.991132,-122.332457,0.97,intersection,San Pablo,CA,Contra Costa County,94806
2023-0004556,2023-06-06,22:33:00,VALLEY VIEW RD,KEITH DR,Tuesday,,Auto R/W Violation,No,Broadside,Other Motor Vehicle,No Pedestrian Involved,SOUTHERN,9,21801(a),2023-06-06 22:33:00,"VALLEY VIEW RD AND KEITH DR, RICHMOND, CA",37.973607,-122.290695,0.6,intersection,El Sobrante,CA,Contra Costa County,94803
2023-0004579,2023-06-07,13:00:00,24TH ST,DOWNER AVE,Wednesday,,Unsafe Lane Change,Misdemeanor,Sideswipe,Parked Motor Vehicle,No Pedestrian Involved,NORTHERN,7,21658(a),2023-06-07 13:00:00,"24TH ST AND DOWNER AVE, RICHMOND, CA",37.942971,-122.345429,1.0,intersection,Richmond,CA,Contra Costa County,94804
2023-0004586,2023-06-07,17:51:00,23RD ST,LINCOLN AVE,Wednesday,,Unsafe Speed,Misdemeanor,Rear-End,Other Motor Vehicle,No Pedestrian Involved,CENTRAL,4,22350,2023-06-07 17:51:00,"23RD ST AND LINCOLN AVE, RICHMOND, CA",37.946382,-122.347455,0.78,intersection,Richmond,CA,Contra Costa County,94804
2023-0004617,2023-06-08,11:33:00,CARLSON BLVD,IMPERIAL AVE,Thursday,,Traffic Signals and Signs,No,Broadside,Other Motor Vehicle,No Pedestrian Involved,SOUTHERN,3,21453(a),2023-06-08 11:33:00,"CARLSON BLVD AND IMPERIAL AVE, RICHMOND, CA",37.911636,-122.318647,0.94,intersection,Richmond,CA,Contra Costa County,94804
2023-0004628,2023-06-07,14:30:00,19TH ST,BARRETT AVE,Wednesday,,Auto R/W Violation,Misdemeanor,Sideswipe,Other Motor Vehicle,No Pedestrian Involved,CENTRAL,4,21801(a),2023-06-07 14:30:00,"19TH ST AND BARRETT AVE, RICHMOND, CA",37.938463,-122.351497,1.0,intersection,Richmond,CA,Contra Costa County,94801
2023-0004629,2023-06-08,14:40:00,SAN PABLO AVE,SAN PABLO AVE,Thursday,,Unknown,Misdemeanor,Sideswipe,Other Motor Vehicle,No Pedestrian Involved,NORTHERN,22,,2023-06-08 14:40:00,"SAN PABLO AVE AND SAN PABLO AVE, RICHMOND, CA",37.912677,-122.309458,1.0,intersection,El Cerrito,CA,Contra Costa County,94530
2023-0004630,2023-06-08,17:41:00,HARBOUR WAY,BISSELL AVE,Thursday,,Traffic Signals and Signs,No,Broadside,Other Motor Vehicle,No Pedestrian Involved,CENTRAL,6,21453(a),2023-06-08 17:41:00,"HARBOUR WAY AND BISSELL AVE, RICHMOND, CA",37.93407,-122.359999,1.0,intersection,Richmond,CA,Contra Costa County,94801
2023-0004659,2023-06-09,17:15:00,MACDONALD AVE,12TH ST,Friday,,Unknown,No,Not Stated,Not Stated,Not Stated,CENTRAL,6,,2023-06-09 17:15:00,"MACDONALD AVE AND 12TH ST, RICHMOND, CA",37.935699,-122.35806,1.0,intersection,Richmond,CA,Contra Costa County,94801
2023-0004667,2023-06-09,22:59:00,HARBOUR WAY,PENNSYLVANIA AVE,Friday,,Driving Under Influence,No,Sideswipe,Parked Motor Vehicle,No Pedestrian Involved,CENTRAL,5,23152(a),2023-06-09 22:59:00,"HARBOUR WAY AND PENNSYLVANIA AVE, RICHMOND, CA",37.942098,-122.359958,0.97,intersection,Richmond,CA,Contra Costa County,94801
2023-0004680,2023-06-10,15:21:00,SAN PABLO AVE,MACDONALD AVE,Saturday,,Unsafe Speed,Misdemeanor,Broadside,Other Motor Vehicle,No Pedestrian Involved,NORTHERN,7,22350,2023-06-10 15:21:00,"SAN PABLO AVE AND MACDONALD AVE, RICHMOND, CA",37.932296,-122.323367,1.0,intersection,Richmond,CA,Contra Costa County,94805
2023-0004682,2023-06-10,14:36:00,HILLTOP MALL RD,GARRITY WAY,Saturday,,Unsafe Speed,Misdemeanor,Sideswipe,Other Motor Vehicle,No Pedestrian Involved,NORTHERN,8,22350,2023-06-10 14:36:00,"HILLTOP MALL RD AND GARRITY WAY, RICHMOND, CA",37.947523,-122.384032,0.5,place,Richmond,CA,Contra Costa County,94801
2023-0004683,2023-06-10,16:51:00,RICHMOND PKWY,W BARRETT AVE,Saturday,,Unsafe Speed,No,Other,Other Object,No Pedestrian Involved,CENTRAL,5,22350,2023-06-10 16:51:00,"RICHMOND PKWY AND W BARRETT AVE, RICHMOND, CA",37.938645,-122.371355,0.99,intersection,Richmond,CA,Contra Costa County,94801
2023-0004704,2023-06-11,15:39:00,GARVIN AVE,37TH ST,Sunday,,Unsafe Speed,Felony,Broadside,Other Motor Vehicle,No Pedestrian Involved,NORTHERN,7,22350,2023-06-11 15:39:00,"GARVIN AVE AND 37TH ST, RICHMOND, CA",37.943652,-122.331865,1.0,intersection,Richmond,CA,Contra Costa County,94805
2023-0004719,2023-06-12,13:00:00,CARLSON BLVD,CARL AVE,Monday,,Unsafe Speed,Misdemeanor,Sideswipe,Parked Motor Vehicle,No Pedestrian Involved,SOUTHERN,3,22350,2023-06-12 13:00:00,"CARLSON BLVD AND CARL AVE, RICHMOND, CA",37.912502,-122.320305,1.0,intersection,Richmond,CA,Contra Costa County,94804
2023-0004752,2023-06-12,22:00:00,CHERRY ST,GERTRUDE AVE,Monday,,Improper Turning,Misdemeanor,Sideswipe,Parked Motor Vehicle,No Pedestrian Involved,CENTRAL,5,22107,2023-06-12 22:00:00,"CHERRY ST AND GERTRUDE AVE, RICHMOND, CA",37.954058,-122.362378,0.81,intersection,Richmond,CA,Contra Costa County,94801
2023-0004804,2023-06-14,00:15:00,RICHMOND PKWY,W BARRETT AVE,Wednesday,,Driving Under Influence,No,Hit Object,Fixed Object,No Pedestrian Involved,CENTRAL,5,23152(b),2023-06-14 00:15:00,"RICHMOND PKWY AND W BARRETT AVE, RICHMOND, CA",37.938645,-122.371355,0.99,intersection,Richmond,CA,Contra Costa County,94801
2023-0004827,2023-06-14,15:50:00,BARRETT AVE,27TH ST,Wednesday,,Following Too Closely,No,Rear-End,Other Motor Vehicle,No Pedestrian Involved,NORTHERN,7,21703,2023-06-14 15:50:00,"BARRETT AVE AND 27TH ST, RICHMOND, CA",37.937739,-122.342298,1.0,intersection,Richmond,CA,Contra Costa County,94804
2023-0004831,2023-06-14,16:20:00,SAN PABLO AVE,BARRETT AVE,Wednesday,,Following Too Closely,No,Rear-End,Other Motor Vehicle,No Pedestrian Involved,CENTRAL,7,21703,2023-06-14 16:20:00,"SAN PABLO AVE AND BARRETT AVE, RICHMOND, CA",37.935302,-122.325046,1.0,intersection,Richmond,CA,Contra Costa County,94805