report_number,collision_date,collision_time,primary_road,secondary_road,collision_day_of_week,number_of_parties,primary_collision_factor,hit_and_run,collision_type,involved_with,pedestrian_action,reporting_district,police_beat,violation,timestamp,intersection,Latitude,Longitude,Accuracy Score,Accuracy Type,City,State,County,Zip
2023-0006824,2023-08-13,13:22:00,MCBRYDE AVE,30TH ST,Sunday,,Pedestrian Violation,No,Vehicle - Pedestrian,Pedestrian,Crossing Not In Crosswalk,NORTHERN,7,21954(a),2023-08-13 13:22:00,"MCBRYDE AVE AND 30TH ST, RICHMOND, CA",37.94516,-122.338025,0.9,intersection,Richmond,CA,Contra Costa County,94804
2023-0006842,2023-08-13,21:04:00,HARBOUR WAY S,VIRGINIA AVE,Sunday,,Auto R/W Violation,Felony,Head-On,Other Motor Vehicle,No Pedestrian Involved,SOUTHERN,1,21801(a),2023-08-13 21:04:00,"HARBOUR WAY S AND VIRGINIA AVE, RICHMOND, CA",37.926615,-122.360063,1.0,intersection,Richmond,CA,Contra Costa County,94804
2023-0006906,2023-08-15,13:35:00,MACDONALD AVE,27TH ST,Tuesday,,Traffic Signals and Signs,Misdemeanor,Broadside,Other Motor Vehicle,No Pedestrian Involved,NORTHERN,7,21453(a),2023-08-15 13:35:00,"MACDONALD AVE AND 27TH ST, RICHMOND, CA",37.935068,-122.342945,1.0,intersection,Richmond,CA,Contra Costa County,94804
2023-0006910,2023-08-15,16:26:00,CLINTON AVE,AMADOR ST,Tuesday,,Traffic Signals and Signs,No,Broadside,Other Motor Vehicle,No Pedestrian Involved,NORTHERN,7,22450(a),2023-08-15 16:26:00,"CLINTON AVE AND AMADOR ST, RICHMOND, CA",37.94187,-122.322485,1.0,intersection,Richmond,CA,Contra Costa County,94805
2023-0006914,2023-08-15,18:29:00,MARINA WAY S,OHIO AVE,Tuesday,,Traffic Signals and Signs,No,Broadside,Other Motor Vehicle,No Pedestrian Involved,SOUTHERN,2,22450(a),2023-08-15 18:29:00,"MARINA WAY S AND OHIO AVE, RICHMOND, CA",37.930771,-122.355975,1.0,intersection,Richmond,CA,Contra Costa County,94804
2023-0006946,2023-08-16,14:23:00,MACDONALD AVE,MACDONALD AVE,Wednesday,,Unsafe Speed,Misdemeanor,Rear-End,Other Motor Vehicle,No Pedestrian Involved,CENTRAL,6,22350,2023-08-16 14:23:00,"MACDONALD AVE AND MACDONALD AVE, RICHMOND, CA",37.935718,-122.347547,1.0,intersection,Richmond,CA,Contra Costa County,94801
2023-0006952,2023-08-16,17:26:00,S 23RD ST,MAINE AVE,Wednesday,,Unsafe Speed,Misdemeanor,Rear-End,Other Motor Vehicle,No Pedestrian Involved,SOUTHERN,2,22350,2023-08-16 17:26:00,"S 23RD ST AND MAINE AVE, RICHMOND, CA",37.928006,-122.347646,1.0,intersection,Richmond,CA,Contra Costa County,94804
2023-0006995,2023-08-17,14:45:00,22ND ST,BARRETT AVE,Thursday,,Traffic Signals and Signs,No,Broadside,Other Motor Vehicle,No Pedestrian Involved,,4,21453(a),2023-08-17 14:45:00,"22ND ST AND BARRETT AVE, RICHMOND, CA",37.938468,-122.348544,1.0,intersection,Richmond,CA,Contra Costa County,94801
2023-0006998,2023-08-17,16:13:00,STEGE AVE,CUTTING BLVD,Thursday,,Unsafe Starting or Backing,No,Other,Parked Motor Vehicle,No Pedestrian Involved,SOUTHERN,3,22106,2023-08-17 16:13:00,"STEGE AVE AND CUTTING BLVD, RICHMOND, CA",37.925244,-122.336718,0.96,intersection,Richmond,CA,Contra Costa County,94804
2023-0007001,2023-08-17,16:06:00,CENTRAL AVE,ISABEL ST,Thursday,,Unsafe Starting or Backing,Misdemeanor,Not Stated,Parked Motor Vehicle,No Pedestrian Involved,SOUTHERN,3,22106,2023-08-17 16:06:00,"CENTRAL AVE AND ISABEL ST, RICHMOND, CA",37.896789,-122.321619,1.0,intersection,Richmond,CA,Contra Costa County,94804
2023-0007014,2023-08-17,23:36:00,NEVIN AVE,4TH ST,Thursday,,Traffic Signals and Signs,Felony,Broadside,Other Motor Vehicle,Not Stated,CENTRAL,6,22450(a),2023-08-17 23:36:00,"NEVIN AVE AND 4TH ST, RICHMOND, CA",37.93683,-122.365667,1.0,intersection,Richmond,CA,Contra Costa County,94801
2023-0007046,2023-08-19,00:32:00,CUTTING BLVD,S 20TH ST,Saturday,,Driving Under Influence,No,Hit Object,Fixed Object,No Pedestrian Involved,,2,23152(a),2023-08-19 00:32:00,"CUTTING BLVD AND S 20TH ST, RICHMOND, CA",37.925193,-122.350354,1.0,intersection,Richmond,CA,Contra Costa County,94804
2023-0007060,2023-08-19,15:33:00,MARINA WAY S,WRIGHT AVE,Saturday,,Auto R/W Violation,No,Broadside,Motor Vehicle on Other Roadway,No Pedestrian Involved,SOUTHERN,1,21801(a),2023-08-19 15:33:00,"MARINA WAY S AND WRIGHT AVE, RICHMOND, CA",37.921177,-122.355902,1.0,intersection,Richmond,CA,Contra Costa County,94804
2023-0007079,2023-08-20,03:35:00,BARRETT AVE,25TH ST,Sunday,,Unsafe Lane Change,Misdemeanor,Rear-End,Parked Motor Vehicle,No Pedestrian Involved,NORTHERN,7,21658(a),2023-08-20 03:35:00,"BARRETT AVE AND 25TH ST, RICHMOND, CA",37.9381,-122.344863,1.0,intersection,Richmond,CA,Contra Costa County,94804
2023-0007084,2023-08-20,09:24:00,BAYVIEW AVE,S 58TH ST,Sunday,,Auto R/W Violation,Misdemeanor,Head-On,Other Motor Vehicle,No Pedestrian Involved,SOUTHERN,3,21801(a),2023-08-20 09:24:00,"BAYVIEW AVE AND S 58TH ST, RICHMOND, CA",37.915616,-122.314542,0.85,intersection,Richmond,CA,Contra Costa County,94804
2023-0007088,2023-08-19,18:40:00,EDDY ST,TEWKSBURY AVE,Saturday,,Unsafe Starting or Backing,Misdemeanor,Broadside,Parked Motor Vehicle,No Pedestrian Involved,SOUTHERN,1,22106,2023-08-19 18:40:00,"EDDY ST AND TEWKSBURY AVE, RICHMOND, CA",37.928946,-122.388176,1.0,intersection,Richmond,CA,Contra Costa County,94801
2023-0007094,2023-08-20,17:57:00,VIRGINIA AVE,S 22ND ST,Sunday,,Traffic Signals and Signs,No,Broadside,Fixed Object,No Pedestrian Involved,SOUTHERN,2,22450(a),2023-08-20 17:57:00,"VIRGINIA AVE AND S 22ND ST, RICHMOND, CA",37.926614,-122.348572,1.0,intersection,Richmond,CA,Contra Costa County,94804
2023-0007095,2023-08-20,17:54:00,HENSLEY ST,RICHMOND PKWY,Sunday,,Unsafe Speed,Misdemeanor,Sideswipe,Other Motor Vehicle,No Pedestrian Involved,CENTRAL,5,22350,2023-08-20 17:54:00,"HENSLEY ST AND RICHMOND PKWY, RICHMOND, CA",37.946422,-122.366081,1.0,intersection,Richmond,CA,Contra Costa County,94801
2023-0007104,2023-08-20,23:33:00,PLUMAS AVE,SAN PABLO AVE,Sunday,,Unknown,Misdemeanor,Rear-End,Parked Motor Vehicle,No Pedestrian Involved,SOUTHERN,3,,2023-08-20 23:33:00,"PLUMAS AVE AND SAN PABLO AVE, RICHMOND, CA",38.003782,-122.291122,0.72,intersection,Pinole,CA,Contra Costa County,94564
2023-0007105,2023-08-21,01:15:00,38TH ST,CLINTON AVE,Monday,,Driving Under Influence,No,Hit Object,Fixed Object,No Pedestrian Involved,NORTHERN,7,23152(a),2023-08-21 01:15:00,"38TH ST AND CLINTON AVE, RICHMOND, CA",37.941209,-122.33157,1.0,intersection,Richmond,CA,Contra Costa County,94805
2023-0007134,2023-08-21,17:06:00,DIMM ST,HUMBOLDT ST,Monday,,Improper Turning,No,Rear-End,Parked Motor Vehicle,No Pedestrian Involved,NORTHERN,7,22107,2023-08-21 17:06:00,"DIMM ST AND HUMBOLDT ST, RICHMOND, CA",37.937148,-122.322925,0.94,intersection,Richmond,CA,Contra Costa County,94805
2023-0007143,2023-08-21,20:35:00,CUTTING BLVD,S 37TH ST,Monday,,Unsafe Speed,No,Sideswipe,Fixed Object,No Pedestrian Involved,SOUTHERN,3,22350,2023-08-21 20:35:00,"CUTTING BLVD AND S 37TH ST, RICHMOND, CA",37.925336,-122.334291,1.0,intersection,Richmond,CA,Contra Costa County,94804
2023-0007188,2023-08-23,07:40:00,MARINA WAY S,WRIGHT AVE,Wednesday,,Traffic Signals and Signs,No,Broadside,Other Motor Vehicle,No Pedestrian Involved,SOUTHERN,1,21457(a),2023-08-23 07:40:00,"MARINA WAY S AND WRIGHT AVE, RICHMOND, CA",37.921177,-122.355902,1.0,intersection,Richmond,CA,Contra Costa County,94804
2023-0007193,2023-08-23,10:00:00,MARINA WAY S,CUTTING BLVD,Wednesday,,,No,Head-On,Other Motor Vehicle,No Pedestrian Involved,,2,21651(a),2023-08-23 10:00:00,"MARINA WAY S AND CUTTING BLVD, RICHMOND, CA",37.925204,-122.355873,1.0,intersection,Richmond,CA,Contra Costa County,94804
2023-0007198,2023-08-23,11:30:00,34TH ST,ROOSEVELT AVE,Wednesday,,Unsafe Lane Change,Misdemeanor,Sideswipe,Parked Motor Vehicle,No Pedestrian Involved,NORTHERN,7,21658(a),2023-08-23 11:30:00,"34TH ST AND ROOSEVELT AVE, RICHMOND, CA",37.938442,-122.336003,0.91,intersection,Richmond,CA,Contra Costa County,94805
2023-0007200,2023-08-23,11:48:00,NEVIN AVE,8TH ST,Wednesday,,Unsafe Starting or Backing,Misdemeanor,Broadside,Parked Motor Vehicle,No Pedestrian Involved,CENTRAL,6,22106,2023-08-23 11:48:00,"NEVIN AVE AND 8TH ST, RICHMOND, CA",37.936826,-122.361853,1.0,intersection,Richmond,CA,Contra Costa County,94801
2023-0007204,2023-08-23,16:07:00,RICHMOND PKWY,GOODRICK AVE,Wednesday,,Following Too Closely,No,Rear-End,Other Motor Vehicle,No Pedestrian Involved,NORTHERN,8,21703,2023-08-23 16:07:00,"RICHMOND PKWY AND GOODRICK AVE, RICHMOND, CA",37.947523,-122.384032,0.5,place,Richmond,CA,Contra Costa County,94801
2023-0007219,2023-08-23,21:22:00,AMEND RD,CASTRO RANCH RD,Wednesday,,Unsafe Speed,No,Hit Object,Fixed Object,No Pedestrian Involved,,9,22350,2023-08-23 21:22:00,"AMEND RD AND CASTRO RANCH RD, RICHMOND, CA",37.957948,-122.268862,0.96,intersection,El Sobrante,CA,Contra Costa County,94803
2023-0007233,2023-08-24,08:30:00,RHEEM AVE,24TH ST,Thursday,,Unsafe Speed,No,Rear-End,Other Motor Vehicle,No Pedestrian Involved,NORTHERN,7,22350,2023-08-24 08:30:00,"RHEEM AVE AND 24TH ST, RICHMOND, CA",37.949846,-122.345338,1.0,intersection,Richmond,CA,Contra Costa County,94804
2023-0007266,2023-08-21,06:40:00,ROBERT MILLER DR,SAN PABLO AVE,Monday,,Unsafe Lane Change,Misdemeanor,Sideswipe,Other Motor Vehicle,No Pedestrian Involved,NORTHERN,8,21658(a),2023-08-21 06:40:00,"ROBERT MILLER DR AND SAN PABLO AVE, RICHMOND, CA",37.977786,-122.333837,0.52,intersection,San Pablo,CA,Contra Costa County,94806
2023-0007282,2023-08-25,15:30:00,CREELY AVE,CYPRESS AVE,Friday,,Unsafe Speed,Misdemeanor,Head-On,Other Motor Vehicle,No Pedestrian Involved,SOUTHERN,3,22350,2023-08-25 15:30:00,"CREELY AVE AND CYPRESS AVE, RICHMOND, CA",37.91973,-122.322,0.97,intersection,Richmond,CA,Contra Costa County,94804
2023-0007285,2023-08-25,19:05:00,CUTTING BLVD,S 41ST ST,Friday,,Auto R/W Violation,Misdemeanor,Head-On,Other Motor Vehicle,No Pedestrian Involved,SOUTHERN,3,21801(a),2023-08-25 19:05:00,"CUTTING BLVD AND S 41ST ST, RICHMOND, CA",37.925477,-122.330653,1.0,intersection,Richmond,CA,Contra Costa County,94804
2023-0007288,2023-08-25,15:39:00,MCBRYDE AVE,MCLAUGHLIN ST,Friday,,Unsafe Starting or Backing,Misdemeanor,Rear-End,Parked Motor Vehicle,No Pedestrian Involved,NORTHERN,7,22106,2023-08-25 15:39:00,"MCBRYDE AVE AND MCLAUGHLIN ST, RICHMOND, CA",37.947566,-122.329714,0.8,intersection,Richmond,CA,Contra Costa County,94805
2023-0007303,2023-08-27,12:14:00,YORK ST,WILLARD AVE,Sunday,,Unknown,Misdemeanor,Broadside,Other Motor Vehicle,No Pedestrian Involved,CENTRAL,5,,2023-08-27 12:14:00,"YORK ST AND WILLARD AVE, RICHMOND, CA",37.951247,-122.368863,1.0,intersection,Richmond,CA,Contra Costa County,94801
2023-0007307,2023-08-26,15:53:00,SEAPORT AVE,BAYVIEW AVE,Saturday,,Unsafe Speed,No,Overturned,Non - Collision,No Pedestrian Involved,SOUTHERN,1,22350,2023-08-26 15:53:00,"SEAPORT AVE AND BAYVIEW AVE, RICHMOND, CA",37.914144,-122.323517,0.65,intersection,Richmond,CA,Contra Costa County,94804
2023-0007308,2023-08-26,15:54:00,CUTTING BLVD,S 2ND ST,Saturday,,Improper Turning,Felony,Broadside,Other Motor Vehicle,No Pedestrian Involved,SOUTHERN,1,22107,2023-08-26 15:54:00,"CUTTING BLVD AND S 2ND ST, RICHMOND, CA",37.925256,-122.367966,1.0,intersection,Richmond,CA,Contra Costa County,94804
2023-0007314,2023-08-26,19:30:00,CARLSON BLVD,TEHAMA AVE,Saturday,,Auto R/W Violation,No,Head-On,Other Motor Vehicle,No Pedestrian Involved,SOUTHERN,3,21800(a),2023-08-26 19:30:00,"CARLSON BLVD AND TEHAMA AVE, RICHMOND, CA",37.910226,-122.315935,0.94,intersection,Richmond,CA,Contra Costa County,94804
2023-0007316,2023-08-26,20:03:00,CANAL BLVD,WHARF ST,Saturday,,Unsafe Speed,No,Hit Object,Fixed Object,No Pedestrian Involved,SOUTHERN,1,22350,2023-08-26 20:03:00,"CANAL BLVD AND WHARF ST, RICHMOND, CA",37.917991,-122.372949,0.84,intersection,Richmond,CA,Contra Costa County,94804
2023-0007342,2023-08-27,16:30:00,MARINA WAY S,FLORIDA AVE,Sunday,,Improper Passing,No,Broadside,Other Motor Vehicle,No Pedestrian Involved,SOUTHERN,2,21750,2023-08-27 16:30:00,"MARINA WAY S AND FLORIDA AVE, RICHMOND, CA",37.9294,-122.355876,1.0,intersection,Richmond,CA,Contra Costa County,94804
2023-0007388,2023-08-29,01:14:00,CUTTING BLVD,S 24TH ST,Tuesday,,Other Improper Driving,No,Broadside,Other Motor Vehicle,No Pedestrian Involved,SOUTHERN,2,,2023-08-29 01:14:00,"CUTTING BLVD AND S 24TH ST, RICHMOND, CA",37.925191,-122.346666,1.0,intersection,Richmond,CA,Contra Costa County,94804
2023-0007403,2023-08-28,08:00:00,S 36TH ST,CUTTING BLVD,Monday,,Auto R/W Violation,No,Sideswipe,Other Motor Vehicle,No Pedestrian Involved,SOUTHERN,3,21801(a),2023-08-28 08:00:00,"S 36TH ST AND CUTTING BLVD, RICHMOND, CA",37.925305,-122.335195,1.0,intersection,Richmond,CA,Contra Costa County,94804
2023-0007410,2023-08-29,12:06:00,MACDONALD AVE,8TH ST,Tuesday,,Auto R/W Violation,No,Broadside,Motor Vehicle on Other Roadway,No Pedestrian Involved,CENTRAL,6,21801(a),2023-08-29 12:06:00,"MACDONALD AVE AND 8TH ST, RICHMOND, CA",37.935701,-122.36185,1.0,intersection,Richmond,CA,Contra Costa County,94801
2023-0007411,2023-08-29,12:34:00,MACDONALD AVE,MARINA WAY,Tuesday,,Driving Under Influence,Misdemeanor,Sideswipe,Other Motor Vehicle,No Pedestrian Involved,,6,23152(a),2023-08-29 12:34:00,"MACDONALD AVE AND MARINA WAY, RICHMOND, CA",37.935707,-122.356191,1.0,intersection,Richmond,CA,Contra Costa County,94801
2023-0007417,2023-08-29,16:23:00,CARLSON BLVD,PLUMAS AVE,Tuesday,,Unsafe Lane Change,No,Sideswipe,Parked Motor Vehicle,No Pedestrian Involved,SOUTHERN,3,21658(a),2023-08-29 16:23:00,"CARLSON BLVD AND PLUMAS AVE, RICHMOND, CA",37.908912,-122.309556,0.96,intersection,Richmond,CA,Contra Costa County,94804
2023-0007423,2023-08-28,21:30:00,MEADE ST,REGATTA BLVD,Monday,,Improper Turning,Misdemeanor,Sideswipe,Parked Motor Vehicle,No Pedestrian Involved,SOUTHERN,1,22107,2023-08-28 21:30:00,"MEADE ST AND REGATTA BLVD, RICHMOND, CA",37.947523,-122.384032,0.5,place,Richmond,CA,Contra Costa County,94801
2023-0007427,2023-08-29,22:10:00,MARICOPA AVE,24TH ST,Tuesday,,Improper Passing,No,Broadside,Parked Motor Vehicle,No Pedestrian Involved,NORTHERN,7,21755(a),2023-08-29 22:10:00,"MARICOPA AVE AND 24TH ST, RICHMOND, CA",37.950586,-122.345343,1.0,intersection,Richmond,CA,Contra Costa County,94804
2023-0007450,2023-08-30,08:18:00,CASTRO RANCH RD,CONESTOGA WAY,Wednesday,,Other Than Driver,No,Hit Object,Other Object,No Pedestrian Involved,NORTHERN,9,,2023-08-30 08:18:00,"CASTRO RANCH RD AND CONESTOGA WAY, RICHMOND, CA",37.928538,-122.387183,1.0,street_center,Richmond,CA,Contra Costa County,94801
2023-0007477,2023-08-30,19:01:00,23RD ST,ANDRADE AVE,Wednesday,,Auto R/W Violation,No,Broadside,Bicycle,No Pedestrian Involved,CENTRAL,4,21800(a),2023-08-30 19:01:00,"23RD ST AND ANDRADE AVE, RICHMOND, CA",37.947772,-122.347434,0.78,intersection,Richmond,CA,Contra Costa County,94804
2023-0007487,2023-08-30,23:00:00,RHEEM AVE,13TH ST,Wednesday,,Unsafe Lane Change,Misdemeanor,Sideswipe,Other Motor Vehicle,No Pedestrian Involved,CENTRAL,4,21658(a),2023-08-30 23:00:00,"RHEEM AVE AND 13TH ST, RICHMOND, CA",37.949587,-122.357174,0.83,intersection,Richmond,CA,Contra Costa County,94801
2023-0007519,2023-08-31,15:11:00,NEVIN AVE,21ST ST,Thursday,,Improper Turning,No,Head-On,Other Motor Vehicle,No Pedestrian Involved,CENTRAL,4,22107,2023-08-31 15:11:00,"NEVIN AVE AND 21ST ST, RICHMOND, CA",37.936858,-122.349549,1.0,intersection,Richmond,CA,Contra Costa County,94801
2023-0007547,2023-09-01,10:45:00,RICHMOND PKWY,ATLAS RD,Friday,,Improper Turning,Misdemeanor,Broadside,Other Motor Vehicle,No Pedestrian Involved,NORTHERN,8,22107,2023-09-01 10:45:00,"RICHMOND PKWY AND ATLAS RD, RICHMOND, CA",37.992886,-122.33739,0.86,intersection,San Pablo,CA,Contra Costa County,94806
2023-0007554,2023-09-01,17:13:00,HARBOUR WAY S,I-580 W,Friday,,Unsafe Lane Change,No,Sideswipe,Bicycle,No Pedestrian Involved,SOUTHERN,1,21658(a),2023-09-01 17:13:00,"HARBOUR WAY S AND I-580 W, RICHMOND, CA",37.947523,-122.384032,0.5,place,Richmond,CA,Contra Costa County,94801
2023-0007556,2023-09-01,19:30:00,9TH ST,LUCAS AVE,Friday,,Traffic Signals and Signs,No,Broadside,Motor Vehicle on Other Roadway,No Pedestrian Involved,,5,22450(a),2023-09-01 19:30:00,"9TH ST AND LUCAS AVE, RICHMOND, CA",37.944428,-122.360862,1.0,intersection,Richmond,CA,Contra Costa County,94801
2023-0007571,2023-09-02,10:56:00,CARLSON BLVD,S 45TH ST,Saturday,,Unsafe Speed,No,Hit Object,Other Object,No Pedestrian Involved,SOUTHERN,1,22350,2023-09-02 10:56:00,"CARLSON BLVD AND S 45TH ST, RICHMOND, CA",37.918683,-122.329271,1.0,intersection,Richmond,CA,Contra Costa County,94804
2023-0007586,2023-09-02,21:45:00,EL PORTAL DR,SAN PABLO DAM RD,Saturday,,Driving Under Influence,No,Broadside,Other Motor Vehicle,No Pedestrian Involved,NORTHERN,OOJ,23152(a),2023-09-02 21:45:00,"EL PORTAL DR AND SAN PABLO DAM RD, RICHMOND, CA",37.964126,-122.31838,1.0,intersection,El Sobrante,CA,Contra Costa County,94803
2023-0007587,2023-09-02,21:28:00,HARBOUR WAY,PENNSYLVANIA AVE,Saturday,,Auto R/W Violation,Felony,Vehicle - Pedestrian,Pedestrian,Not In Road,CENTRAL,5,21801(a),2023-09-02 21:28:00,"HARBOUR WAY AND PENNSYLVANIA AVE, RICHMOND, CA",37.942098,-122.359958,0.97,intersection,Richmond,CA,Contra Costa County,94801
2023-0007595,2023-09-03,03:14:00,23RD ST,OHIO AVE,Sunday,,Unsafe Lane Change,No,Hit Object,Other Object,No Pedestrian Involved,NORTHERN,2,21658(a),2023-09-03 03:14:00,"23RD ST AND OHIO AVE, RICHMOND, CA",37.930768,-122.348589,0.68,intersection,Richmond,CA,Contra Costa County,94804
2023-0007606,2023-09-02,13:33:00,HILLTOP DR,VISTA DEL MAR,Saturday,,Following Too Closely,No,Rear-End,Other Motor Vehicle,No Pedestrian Involved,NORTHERN,8,21703,2023-09-02 13:33:00,"HILLTOP DR AND VISTA DEL MAR, RICHMOND, CA",37.947523,-122.384032,0.5,place,Richmond,CA,Contra Costa County,94801
2023-0007621,2023-09-04,02:25:00,SAN PABLO AVE,MACDONALD AVE,Monday,,Improper Turning,No,Hit Object,Fixed Object,No Pedestrian Involved,CENTRAL,7,22107,2023-09-04 02:25:00,"SAN PABLO AVE AND MACDONALD AVE, RICHMOND, CA",37.932296,-122.323367,1.0,intersection,Richmond,CA,Contra Costa County,94805
2023-0007626,2023-09-04,05:34:00,S 23RD ST,CUTTING BLVD,Monday,,Improper Turning,Misdemeanor,Broadside,Other Motor Vehicle,No Pedestrian Involved,SOUTHERN,2,22107,2023-09-04 05:34:00,"S 23RD ST AND CUTTING BLVD, RICHMOND, CA",37.925193,-122.347665,1.0,intersection,Richmond,CA,Contra Costa County,94804
2023-0007641,2023-09-04,18:43:00,CUTTING BLVD,HARBOUR WAY S,Monday,,Unsafe Starting or Backing,Misdemeanor,Broadside,Other Motor Vehicle,No Pedestrian Involved,SOUTHERN,1,22106,2023-09-04 18:43:00,"CUTTING BLVD AND HARBOUR WAY S, RICHMOND, CA",37.925213,-122.360055,1.0,intersection,Richmond,CA,Contra Costa County,94804
2023-0007644,2023-09-04,21:57:00,HARTNETT AVE,BAYVIEW AVE,Monday,,Improper Turning,Misdemeanor,Rear-End,Parked Motor Vehicle,No Pedestrian Involved,SOUTHERN,3,22107,2023-09-04 21:57:00,"HARTNETT AVE AND BAYVIEW AVE, RICHMOND, CA",37.914975,-122.323029,1.0,intersection,Richmond,CA,Contra Costa County,94804
2023-0007658,2023-09-05,09:29:00,23RD ST,GAYNOR AVE,Tuesday,,Following Too Closely,Misdemeanor,Rear-End,Other Motor Vehicle,No Pedestrian Involved,CENTRAL,4,21703,2023-09-05 09:29:00,"23RD ST AND GAYNOR AVE, RICHMOND, CA",37.944348,-122.347472,0.79,intersection,Richmond,CA,Contra Costa County,94804
2023-0007689,2023-09-05,21:05:00,MARINA BAY PKWY,I-580 W,Tuesday,,Driving Under Influence,No,Other,Motor Vehicle on Other Roadway,No Pedestrian Involved,SOUTHERN,2,23152(a),2023-09-05 21:05:00,"MARINA BAY PKWY AND I-580 W, RICHMOND, CA",37.921123,-122.347421,0.72,intersection,Richmond,CA,Contra Costa County,94804
2023-0007690,2023-09-05,20:51:00,HINKLEY AVE,HINKLEY CIR,Tuesday,,Other Improper Driving,Misdemeanor,Sideswipe,Parked Motor Vehicle,Not Stated,SOUTHERN,2,,2023-09-05 20:51:00,"HINKLEY AVE AND HINKLEY CIR, RICHMOND, CA",37.923232,-122.345727,0.99,intersection,Richmond,CA,Contra Costa County,94804
2023-0007713,2023-09-06,11:21:00,27TH ST,BARRETT AVE,Wednesday,,Traffic Signals and Signs,No,Broadside,Other Motor Vehicle,No Pedestrian Involved,,7,21453(a),2023-09-06 11:21:00,"27TH ST AND BARRETT AVE, RICHMOND, CA",37.937739,-122.342298,1.0,intersection,Richmond,CA,Contra Costa County,94804
2023-0007722,2023-09-06,18:48:00,BARRETT AVE,MARINA WAY,Wednesday,,Ped R/W Violation,No,Vehicle - Pedestrian,Pedestrian,Crossing In Crosswalk At Intersection,CENTRAL,6,21950(a),2023-09-06 18:48:00,"BARRETT AVE AND MARINA WAY, RICHMOND, CA",37.938438,-122.357108,0.9,intersection,Richmond,CA,Contra Costa County,94801
2023-0007727,2023-09-06,20:03:00,MACDONALD AVE,25TH ST,Wednesday,,Auto R/W Violation,No,Broadside,Other Motor Vehicle,No Pedestrian Involved,NORTHERN,7,21804(a),2023-09-06 20:03:00,"MACDONALD AVE AND 25TH ST, RICHMOND, CA",37.935434,-122.345444,1.0,intersection,Richmond,CA,Contra Costa County,94804
2023-0007729,2023-09-06,20:25:00,ESMOND AVE,15TH ST,Wednesday,,Traffic Signals and Signs,No,Broadside,Other Motor Vehicle,No Pedestrian Involved,,4,22450(a),2023-09-06 20:25:00,"ESMOND AVE AND 15TH ST, RICHMOND, CA",37.945267,-122.355551,1.0,intersection,Richmond,CA,Contra Costa County,94801
2023-0007734,2023-09-06,22:18:00,SAN JOAQUIN ST,IMPERIAL AVE,Wednesday,,Unsafe Lane Change,No,Sideswipe,Parked Motor Vehicle,No Pedestrian Involved,SOUTHERN,3,21658(a),2023-09-06 22:18:00,"SAN JOAQUIN ST AND IMPERIAL AVE, RICHMOND, CA",37.910446,-122.319606,0.94,intersection,Richmond,CA,Contra Costa County,94804
2023-0007783,2023-09-08,07:32:00,CUTTING BLVD,S 31ST ST,Friday,,Unsafe Lane Change,Felony,Sideswipe,Other Motor Vehicle,No Pedestrian Involved,SOUTHERN,2,21658(a),2023-09-08 07:32:00,"CUTTING BLVD AND S 31ST ST, RICHMOND, CA",37.925177,-122.339486,0.98,intersection,Richmond,CA,Contra Costa County,94804
2023-0007788,2023-09-08,09:58:00,CENTRAL AVE,ISABEL ST,Friday,,Other Improper Driving,No,Vehicle - Pedestrian,Pedestrian,Crossing Not In Crosswalk,SOUTHERN,3,,2023-09-08 09:58:00,"CENTRAL AVE AND ISABEL ST, RICHMOND, CA",37.896789,-122.321619,1.0,intersection,Richmond,CA,Contra Costa County,94804
2023-0007801,2023-09-08,16:33:00,HARBOUR WAY S,VIRGINIA AVE,Friday,,Following Too Closely,Misdemeanor,Rear-End,Other Motor Vehicle,No Pedestrian Involved,SOUTHERN,1,21703,2023-09-08 16:33:00,"HARBOUR WAY S AND VIRGINIA AVE, RICHMOND, CA",37.926615,-122.360063,1.0,intersection,Richmond,CA,Contra Costa County,94804
2023-0007813,2023-09-09,03:07:00,W MACDONALD AVE,RICHMOND PKWY,Saturday,,Improper Turning,Misdemeanor,Rear-End,Parked Motor Vehicle,No Pedestrian Involved,CENTRAL,6,22107,2023-09-09 03:07:00,"W MACDONALD AVE AND RICHMOND PKWY, RICHMOND, CA",37.935707,-122.372839,0.99,intersection,Richmond,CA,Contra Costa County,94801
2023-0007824,2023-09-09,16:13:00,OHIO AVE,S 4TH ST,Saturday,,Unsafe Lane Change,Misdemeanor,Broadside,Parked Motor Vehicle,No Pedestrian Involved,,1,21658(a),2023-09-09 16:13:00,"OHIO AVE AND S 4TH ST, RICHMOND, CA",37.930836,-122.365926,1.0,intersection,Richmond,CA,Contra Costa County,94804